,test_index,Target
0,6557,1
1,6558,1
2,6559,1
3,6560,1
4,6561,1
5,6562,1
6,6563,1
7,6564,1
8,6565,1
9,6566,1
10,6567,1
11,6568,1
12,6569,1
13,6570,1
14,6571,1
15,6572,1
16,6573,1
17,6574,1
18,6575,1
19,6576,1
20,6577,1
21,6578,1
22,6579,1
23,6580,1
24,6581,1
25,6582,1
26,6583,1
27,6584,1
28,6585,1
29,6586,1
30,6587,1
31,6588,1
32,6589,1
33,6590,1
34,6591,1
35,6592,1
36,6593,1
37,6594,1
38,6595,1
39,6596,1
40,6597,1
41,6598,1
42,6599,1
43,6600,1
44,6601,1
45,6602,1
46,6603,1
47,6604,1
48,6605,1
49,6606,1
50,6607,1
51,6608,1
52,6609,1
53,6610,1
54,6611,1
55,6612,1
56,6613,1
57,6614,1
58,6615,1
59,6616,1
60,6617,1
61,6618,1
62,6619,1
63,6620,1
64,6621,1
65,6622,1
66,6623,1
67,6624,1
68,6625,1
69,6626,1
70,6627,1
71,6628,1
72,6629,1
73,6630,1
74,6631,1
75,6632,1
76,6633,1
77,6634,1
78,6635,1
79,6636,1
80,6637,1
81,6638,1
82,6639,1
83,6640,1
84,6641,1
85,6642,1
86,6643,1
87,6644,1
88,6645,1
89,6646,1
90,6647,1
91,6648,1
92,6649,1
93,6650,1
94,6651,1
95,6652,1
96,6653,1
97,6654,1
98,6655,1
99,6656,1
100,6657,1
101,6658,1
102,6659,1
103,6660,1
104,6661,1
105,6662,1
106,6663,1
107,6664,1
108,6665,1
109,6666,1
110,6667,1
111,6668,1
112,6669,1
113,6670,1
114,6671,1
115,6672,1
116,6673,1
117,6674,1
118,6675,1
119,6676,1
120,6677,1
121,6678,1
122,6679,1
123,6680,1
124,6681,1
125,6682,1
126,6683,1
127,6684,1
128,6685,1
129,6686,1
130,6687,1
131,6688,1
132,6689,1
133,6690,1
134,6691,1
135,6692,1
136,6693,1
137,6694,1
138,6695,1
139,6696,1
140,6697,1
141,6698,1
142,6699,1
143,6700,1
144,6701,1
145,6702,1
146,6703,1
147,6704,1
148,6705,1
149,6706,1
150,6707,1
151,6708,1
152,6709,1
153,6710,1
154,6711,1
155,6712,1
156,6713,1
157,6714,1
158,6715,1
159,6716,1
160,6717,1
161,6718,1
162,6719,1
163,6720,1
164,6721,1
165,6722,1
166,6723,1
167,6724,1
168,6725,1
169,6726,1
170,6727,1
171,6728,1
172,6729,1
173,6730,1
174,6731,1
175,6732,1
176,6733,1
177,6734,1
178,6735,1
179,6736,1
180,6737,1
181,6738,1
182,6739,1
183,6740,1
184,6741,1
185,6742,1
186,6743,1
187,6744,1
188,6745,1
189,6746,1
190,6747,1
191,6748,1
192,6749,1
193,6750,1
194,6751,1
195,6752,1
196,6753,1
197,6754,1
198,6755,1
199,6756,1
200,6757,1
201,6758,1
202,6759,1
203,6760,1
204,6761,1
205,6762,1
206,6763,1
207,6764,1
208,6765,1
209,6766,1
210,6767,1
211,6768,1
212,6769,1
213,6770,1
214,6771,1
215,6772,1
216,6773,1
217,6774,1
218,6775,1
219,6776,1
220,6777,1
221,6778,1
222,6779,1
223,6780,1
224,6781,1
225,6782,1
226,6783,1
227,6784,1
228,6785,1
229,6786,1
230,6787,1
231,6788,1
232,6789,1
233,6790,1
234,6791,1
235,6792,1
236,6793,1
237,6794,1
238,6795,1
239,6796,1
240,6797,1
241,6798,1
242,6799,1
243,6800,1
244,6801,1
245,6802,1
246,6803,1
247,6804,1
248,6805,1
249,6806,1
250,6807,1
251,6808,1
252,6809,1
253,6810,1
254,6811,1
255,6812,1
256,6813,1
257,6814,1
258,6815,1
259,6816,1
260,6817,1
261,6818,1
262,6819,1
263,6820,1
264,6821,1
265,6822,1
266,6823,1
267,6824,1
268,6825,1
269,6826,1
270,6827,1
271,6828,1
272,6829,1
273,6830,1
274,6831,1
275,6832,1
276,6833,1
277,6834,1
278,6835,1
279,6836,1
280,6837,1
281,6838,1
282,6839,1
283,6840,1
284,6841,1
285,6842,1
286,6843,1
287,6844,1
288,6845,1
289,6846,1
290,6847,1
291,6848,1
292,6849,1
293,6850,1
294,6851,1
295,6852,1
296,6853,1
297,6854,1
298,6855,1
299,6856,1
300,6857,1
301,6858,1
302,6859,1
303,6860,1
304,6861,1
305,6862,1
306,6863,1
307,6864,1
308,6865,1
309,6866,1
310,6867,1
311,6868,1
312,6869,1
313,6870,1
314,6871,1
315,6872,1
316,6873,1
317,6874,1
318,6875,1
319,6876,1
320,6877,1
321,6878,1
322,6879,1
323,6880,1
324,6881,1
325,6882,1
326,6883,1
327,6884,1
328,6885,1
329,6886,1
330,6887,1
331,6888,1
332,6889,1
333,6890,1
334,6891,1
335,6892,1
336,6893,1
337,6894,1
338,6895,1
339,6896,1
340,6897,1
341,6898,1
342,6899,1
343,6900,1
344,6901,1
345,6902,1
346,6903,1
347,6904,1
348,6905,1
349,6906,1
350,6907,1
351,6908,1
352,6909,1
353,6910,1
354,6911,1
355,6912,1
356,6913,1
357,6914,1
358,6915,1
359,6916,1
360,6917,1
361,6918,1
362,6919,1
363,6920,1
364,6921,1
365,6922,1
366,6923,1
367,6924,1
368,6925,1
369,6926,1
370,6927,1
371,6928,1
372,6929,1
373,6930,1
374,6931,1
375,6932,1
376,6933,1
377,6934,1
378,6935,1
379,6936,1
380,6937,1
381,6938,1
382,6939,1
383,6940,1
384,6941,1
385,6942,1
386,6943,1
387,6944,1
388,6945,1
389,6946,1
390,6947,1
391,6948,1
392,6949,1
393,6950,1
394,6951,1
395,6952,1
396,6953,1
397,6954,1
398,6955,1
399,6956,1
400,6957,1
401,6958,1
402,6959,1
403,6960,1
404,6961,1
405,6962,1
406,6963,1
407,6964,1
408,6965,1
409,6966,1
410,6967,1
411,6968,1
412,6969,1
413,6970,1
414,6971,1
415,6972,1
416,6973,1
417,6974,1
418,6975,1
419,6976,1
420,6977,1
421,6978,1
422,6979,1
423,6980,1
424,6981,1
425,6982,1
426,6983,1
427,6984,1
428,6985,1
429,6986,1
430,6987,1
431,6988,1
432,6989,1
433,6990,1
434,6991,1
435,6992,1
436,6993,1
437,6994,1
438,6995,1
439,6996,1
440,6997,1
441,6998,1
442,6999,1
443,7000,1
444,7001,1
445,7002,1
446,7003,1
447,7004,1
448,7005,1
449,7006,1
450,7007,1
451,7008,1
452,7009,1
453,7010,1
454,7011,1
455,7012,1
456,7013,1
457,7014,1
458,7015,1
459,7016,1
460,7017,1
461,7018,1
462,7019,1
463,7020,1
464,7021,1
465,7022,1
466,7023,1
467,7024,1
468,7025,1
469,7026,1
470,7027,1
471,7028,1
472,7029,1
473,7030,1
474,7031,1
475,7032,1
476,7033,1
477,7034,1
478,7035,1
479,7036,1
480,7037,1
481,7038,1
482,7039,1
483,7040,1
484,7041,1
485,7042,1
486,7043,1
487,7044,1
488,7045,1
489,7046,1
490,7047,1
491,7048,1
492,7049,1
493,7050,1
494,7051,1
495,7052,1
496,7053,1
497,7054,1
498,7055,1
499,7056,1
500,7057,1
501,7058,1
502,7059,1
503,7060,1
504,7061,1
505,7062,1
506,7063,1
507,7064,1
508,7065,1
509,7066,1
510,7067,1
511,7068,1
512,7069,1
513,7070,1
514,7071,1
515,7072,1
516,7073,1
517,7074,1
518,7075,1
519,7076,1
520,7077,1
521,7078,1
522,7079,1
523,7080,1
524,7081,1
525,7082,1
526,7083,1
527,7084,1
528,7085,1
529,7086,1
530,7087,1
531,7088,1
532,7089,1
533,7090,1
534,7091,1
535,7092,1
536,7093,1
537,7094,1
538,7095,1
539,7096,1
540,7097,1
541,7098,1
542,7099,1
543,7100,1
544,7101,1
545,7102,1
546,7103,1
547,7104,1
548,7105,1
549,7106,1
550,7107,1
551,7108,1
552,7109,1
553,7110,1
554,7111,1
555,7112,1
556,7113,1
557,7114,1
558,7115,1
559,7116,1
560,7117,1
561,7118,1
562,7119,1
563,7120,1
564,7121,1
565,7122,1
566,7123,1
567,7124,1
568,7125,1
569,7126,1
570,7127,1
571,7128,1
572,7129,1
573,7130,1
574,7131,1
575,7132,1
576,7133,1
577,7134,1
578,7135,1
579,7136,1
580,7137,1
581,7138,1
582,7139,1
583,7140,1
584,7141,1
585,7142,1
586,7143,1
587,7144,1
588,7145,1
589,7146,1
590,7147,1
591,7148,1
592,7149,1
593,7150,1
594,7151,1
595,7152,1
596,7153,1
597,7154,1
598,7155,1
599,7156,1
600,7157,1
601,7158,1
602,7159,1
603,7160,1
604,7161,1
605,7162,1
606,7163,1
607,7164,1
608,7165,1
609,7166,1
610,7167,1
611,7168,1
612,7169,1
613,7170,1
614,7171,1
615,7172,1
616,7173,1
617,7174,1
618,7175,1
619,7176,1
620,7177,1
621,7178,1
622,7179,1
623,7180,1
624,7181,1
625,7182,1
626,7183,1
627,7184,1
628,7185,1
629,7186,1
630,7187,1
631,7188,1
632,7189,1
633,7190,1
634,7191,1
635,7192,1
636,7193,1
637,7194,1
638,7195,1
639,7196,1
640,7197,1
641,7198,1
642,7199,1
643,7200,1
644,7201,1
645,7202,1
646,7203,1
647,7204,1
648,7205,1
649,7206,1
650,7207,1
651,7208,1
652,7209,1
653,7210,1
654,7211,1
655,7212,1
656,7213,1
657,7214,1
658,7215,1
659,7216,1
660,7217,1
661,7218,1
662,7219,1
663,7220,1
664,7221,1
665,7222,1
666,7223,1
667,7224,1
668,7225,1
669,7226,1
670,7227,1
671,7228,1
672,7229,1
673,7230,1
674,7231,1
675,7232,1
676,7233,1
677,7234,1
678,7235,1
679,7236,1
680,7237,1
681,7238,1
682,7239,1
683,7240,1
684,7241,1
685,7242,1
686,7243,1
687,7244,1
688,7245,1
689,7246,1
690,7247,1
691,7248,1
692,7249,1
693,7250,1
694,7251,1
695,7252,1
696,7253,1
697,7254,1
698,7255,1
699,7256,1
700,7257,1
701,7258,1
702,7259,1
703,7260,1
704,7261,1
705,7262,1
706,7263,1
707,7264,1
708,7265,1
709,7266,1
710,7267,1
711,7268,1
712,7269,1
713,7270,1
714,7271,1
715,7272,1
716,7273,1
717,7274,1
718,7275,1
719,7276,1
720,7277,1
721,7278,1
722,7279,1
723,7280,1
724,7281,1
725,7282,1
